{
    "parent": "item/generated",
    "textures": {
        "layer0": "item/barrier"
    },
    "display": {
        "thirdperson_righthand": {
            "scale": [ 0, 0, 0 ]
        },
        "thirdperson_lefthand": {
            "scale": [ 0, 0, 0 ]
        },
        "firstperson_righthand": {
            "scale": [ 0, 0, 0 ]
        },
        "firstperson_lefthand": {
            "scale": [ 0, 0, 0 ]
        }
	},
    "overrides": [
        {
            "predicate": {
                "custom_model_data": 1
            },
            "model": "item/barriernogui"
        },
		{
            "predicate": {
                "custom_model_data": 2
            },
            "model": "item/gbarrier"
        }
	]
}