{
    "parent": "item/handheld_rod",
    "textures": {
        "layer0": "item/carrot_on_a_stick"
    },
    "overrides": [
        {
            "predicate": {
                "custom_model_data": 1
            },
            "model": "item/gun"
        },
		{
            "predicate": {
                "custom_model_data": 2
            },
            "model": "item/rifle"
        },
		{
            "predicate": {
                "custom_model_data": 3
            },
            "model": "item/move"
        },
		{
            "predicate": {
                "custom_model_data": 4
            },
            "model": "item/attack"
        },
		{
            "predicate": {
                "custom_model_data": 5
            },
            "model": "item/fury"
        },
		{
            "predicate": {
                "custom_model_data": 6
            },
            "model": "item/heal"
        },
		{
            "predicate": {
                "custom_model_data": 7
            },
            "model": "item/thorns"
        },
		{
            "predicate": {
                "custom_model_data": 8
            },
            "model": "item/p1"
        },
		{
            "predicate": {
                "custom_model_data": 9
            },
            "model": "item/p2"
        },
		{
            "predicate": {
                "custom_model_data": 10
            },
            "model": "item/p3"
        },
		{
            "predicate": {
                "custom_model_data": 11
            },
            "model": "item/bird_view"
        },
		{
            "predicate": {
                "custom_model_data": 12
            },
            "model": "item/analyze"
        },
		{
            "predicate": {
                "custom_model_data": 13
            },
            "model": "item/empty"
        },
		{
            "predicate": {
                "custom_model_data": 14
            },
            "model": "item/x"
        },
		{
            "predicate": {
                "custom_model_data": 15
            },
            "model": "item/machine_gun"
        },
		{
            "predicate": {
                "custom_model_data": 16
            },
            "model": "item/shotgun"
        },
		{
            "predicate": {
                "custom_model_data": 17
            },
            "model": "item/plasma_blaster"
        },
		{
            "predicate": {
                "custom_model_data": 18
            },
            "model": "item/light_blue_dye"
        },
		{
            "predicate": {
                "custom_model_data": 19
            },
            "model": "item/pink_dye"
        },
		{
            "predicate": {
                "custom_model_data": 20
            },
            "model": "item/lime_dye"
        },
		{
            "predicate": {
                "custom_model_data": 21
            },
            "model": "item/note_green"
        },
		{
            "predicate": {
                "custom_model_data": 22
            },
            "model": "item/note_red"
        },
		{
            "predicate": {
                "custom_model_data": 23
            },
            "model": "item/poison_spray"
        }
		]
}
