{
    "parent": "item/handheld",
    "textures": {
        "layer0": "item/diamond_sword"
    },
    "overrides": [
        {
            "predicate": {
                "custom_model_data": 1
            },
			"model": "item/emerald_sword"
        },
		{
            "predicate": {
                "custom_model_data": 2
            },
            "model": "item/fire_sword"
        },
		{
            "predicate": {
                "custom_model_data": 3
            },
            "model": "item/ice_sword"
        },
		{
            "predicate": {
                "custom_model_data": 4
            },
            "model": "item/wind_sword"
        },
		{
            "predicate": {
                "custom_model_data": 5
            },
            "model": "item/earth_sword"
        },
		{
            "predicate": {
                "custom_model_data": 6
            },
            "model": "item/blood_sword"
        },
		{
            "predicate": {
                "custom_model_data": 7
            },
            "model": "item/vampire_sword"
        }
        ]
}
