{
    "parent": "item/generated",
    "textures": {
        "layer0": "item/ghast_tear"
    },
    "overrides": [
        {
            "predicate": {
                "custom_model_data": 1
            },
            "model": "item/ice_crystal"
        },
		{
            "predicate": {
                "custom_model_data": 2
            },
            "model": "item/leaves"
        },
		{
            "predicate": {
                "custom_model_data": 3
            },
            "model": "item/corrupted_leaves"
        },
		{
            "predicate": {
                "custom_model_data": 4
            },
            "model": "item/soul"
        },
		{
            "predicate": {
                "custom_model_data": 5
            },
            "model": "item/corrupted_soul"
        },
		{
            "predicate": {
                "custom_model_data": 6
            },
            "model": "item/plasma"
        },
		{
            "predicate": {
                "custom_model_data": 7
            },
            "model": "item/filter"
        },
		{
            "predicate": {
                "custom_model_data": 8
            },
            "model": "item/fluid_needle"
        }
	]
}
