{
    "parent": "item/generated",
    "textures": {
        "layer0": "item/snowball"
    },
    "overrides": [
        {
            "predicate": {
                "custom_model_data": 1
            },
            "model": "item/rock"
        },
		{
            "predicate": {
                "custom_model_data": 2
            },
            "model": "item/creeper_egg"
        },
		{
            "predicate": {
                "custom_model_data": 3
            },
            "model": "item/grenade"
        },
		{
            "predicate": {
                "custom_model_data": 4
            },
            "model": "item/poison_grenade"
        }
	]
}
